{"cameraMode":{"drawMode":0,"name":"Shaded","section":"Shading Mode"},"sceneLighting":false,"audioPlay":false,"sceneViewState":{"showFog":true,"showMaterialUpdate":false,"showSkybox":false,"showFlares":true,"showImageEffects":true,"showParticleSystems":true},"in2DMode":false,"pivot":{"x":-0.0000019073486328125,"y":0.0,"z":1.4901161193847657e-8},"rotation":{"x":-0.11215315759181977,"y":0.88530033826828,"z":-0.28144943714141848,"w":-0.35277822613716128},"size":7.116698741912842,"orthographic":false}