{"cameraMode":{"drawMode":0,"name":"Shaded","section":"Shading Mode"},"sceneLighting":true,"audioPlay":false,"sceneViewState":{"showFog":true,"showMaterialUpdate":false,"showSkybox":true,"showFlares":true,"showImageEffects":true,"showParticleSystems":true},"in2DMode":false,"pivot":{"x":-2.4102091789245607,"y":7.530608654022217,"z":0.40496495366096499},"rotation":{"x":-0.2824300527572632,"y":0.6461935639381409,"z":0.28023409843444826,"w":0.6512572169303894},"size":7.866168975830078,"orthographic":false}