{"cameraMode":{"drawMode":0,"name":"Shaded","section":"Shading Mode"},"sceneLighting":true,"audioPlay":false,"sceneViewState":{"showFog":true,"showMaterialUpdate":false,"showSkybox":true,"showFlares":true,"showImageEffects":true,"showParticleSystems":true},"in2DMode":false,"pivot":{"x":0.3677511215209961,"y":17.824146270751954,"z":8.144180297851563},"rotation":{"x":0.03247429057955742,"y":0.11279511451721192,"z":0.0036883356515318157,"w":-0.9930806159973145},"size":46.38371276855469,"orthographic":false}