{"cameraMode":{"drawMode":0,"name":"Shaded","section":"Shading Mode"},"sceneLighting":true,"audioPlay":false,"sceneViewState":{"showFog":true,"showMaterialUpdate":false,"showSkybox":true,"showFlares":true,"showImageEffects":true,"showParticleSystems":true},"in2DMode":false,"pivot":{"x":-7.961858749389648,"y":-2.470701217651367,"z":12.765486717224121},"rotation":{"x":-0.2016642689704895,"y":0.5987024307250977,"z":-0.15914589166641236,"w":-0.7586564421653748},"size":29.456295013427736,"orthographic":false}